titulo,empresa,local,salario,link,descricao
Desenvolvedor PHP Pleno,MUV RECURSOS HUMANOS,Porto Alegre - RS,A combinar,https://www.infojobs.com.br/vaga-de-desenvolvedor-php-pleno-em-rio-grande-do-sul__11831893.aspx,"Visão Geral da Posição: Empresa especializada em soluções tributárias, que combina conhecimento técnico, tecnologia e inteligência de dados para apoia..."
Desenvolvedor De Sistemas,Não informada,Porto Alegre - RS,A combinar,https://www.infojobs.com.br/vaga-de-desenvolvedor-sistemas-em-rio-grande-do-sul__11834267.aspx,Desenvolvimento e manutenção de rotinas de automação de processos (RPA) utilizando Python e bibliotecas como Selenium para interação com sistemas jurí...
PROGRAMADOR EM DELPHI,Não informada,Porto Alegre - RS,A combinar,https://www.infojobs.com.br/vaga-de-programador-delphi-em-rio-grande-do-sul__10192029.aspx,PROGRAMADOR EM LINGUAGEM DELPHI COM CONHECIMENTO BANCO DE DADOS FIREBIRD.
DBA SQL,Não informada,Porto Alegre - RS,A combinar,https://www.infojobs.com.br/vaga-de-dba-sql-em-rio-grande-do-sul__12004511.aspx,"Buscamos uma pessoa DBA Pleno para administrar, monitorar e aprimorar seus ambientes de bancos de dados. Procuramos um profissional com sólida experi..."
Encarregado De Operações,Não informada,Porto Alegre - RS,A combinar,https://www.infojobs.com.br/vaga-de-encarregado-operacoes-em-rio-grande-do-sul__11987121.aspx,O Encarregado de Operações será responsável por coordenar e gerenciar as atividades de transporte e atendimento . Funções Gerenciar e coordenar equip...
Desenvolvedor Java Júnior - PCD,Zarbe Arievilo,Todo Brasil,A combinar,https://www.infojobs.com.br/vaga-de-desenvolvedor-java-junior-pcd-em-__12004561.aspx,"Sobre a vaga Empresa do setor de tecnologia, com foco em gestão de identidades e atuação estratégica na área de cybersecurity. Com mais de 20 anos de ..."
Desenvolvedor(A) Backend Sênior,Não informada,Todo Brasil,A combinar,https://www.infojobs.com.br/vaga-de-desenvolvedora-backend-senior-em-__12002330.aspx,"A IdealTrack, projeto do Grupo Ideal Trends, está em busca de um(a) Desenvolvedor (a) Backend Sênior para atuar na construção e evolução da arquitetura..."
Desenvolvedor(A) Full-Stack – Plataforma Web Gamificada,Interação - Soluções Inteligentes,Todo Brasil,A combinar,https://www.infojobs.com.br/vaga-de-desenvolvedora-full-stack-plataforma-web-gamificada-em-__12015836.aspx,"A Interação está construindo um produto que combina Inteligência Artificial, educação e gamificação para apoiar jornadas de aprendizado e desenvolvime..."
Desenvolvedor Devops Backend Sênior,Não informada,Todo Brasil,A combinar,https://www.infojobs.com.br/vaga-de-desenvolvedor-devops-backend-senior-em-__11985552.aspx,"Procuramos uma Pessoa Desenvolvedora DevOps Back-End Sênior com perfil altamente técnico e foco em desenvolvimento back-end com Node.js, ambientes em ..."
Desenvolvedor(A) React,D2W,Todo Brasil,A combinar,https://www.infojobs.com.br/vaga-de-desenvolvedora-react-em-__11988234.aspx,"Resumo Buscamos um(a) desenvolvedor (a) Pleno/Sênior para liderar a evolução e otimização da nossa camada de front-end em React, apoiando também a manu..."
Analista Desenvolvedor Back End .NET 8 + React | Sênior,King of Languages,Todo Brasil,A combinar,https://www.infojobs.com.br/vaga-de-analista-desenvolvedor-back-end-net-8-react-senior-em-__11699247.aspx,Sobre nós: Somos uma EdTech em rápido crescimento com mais de 5.000 alunos ativos e mais de 850 professores dentro de nossa plataforma própria. Temos ...
Desenvolvedor De IA Sênior,POSITIVO S+,Todo Brasil,A combinar,https://www.infojobs.com.br/vaga-de-desenvolvedor-ia-senior-em-__11951239.aspx,"Temos uma oportunidade incrível para Desenvolvedor de IA Sênior - Home office A Positivo S+ é uma empresa de tecnologia, com foco em soluções inovador..."
Desenvolvedor DATASUL,ERP2BIZ Tecnologia e Projetos Ltda,Todo Brasil,A combinar,https://www.infojobs.com.br/vaga-de-desenvolvedor-datasul-em-__11901653.aspx,"Estamos em busca de um profissional para integrar nossa equipe como Desenvolvedor TOTVS Datasul, contribuindo para o desenvolvimento de soluções de al..."
Desenvolvedor(A) Salesforce Field Service Pleno,BM VAGAS EMPREGOS E RH ESTRATÉGICO.,Todo Brasil,"R$ 6.500,00 a R$ 8.000,00",https://www.infojobs.com.br/vaga-de-desenvolvedora-salesforce-field-service-pleno-em-__11855676.aspx,"A BM Vagas, em parceria com empresa conceituada de tecnologia, busca por uma pessoa desenvolvedora Salesforce com experiência em Field Service para at..."
Desenvolvedor(A) Typescript · Fullstack,Não informada,Todo Brasil,A combinar,https://www.infojobs.com.br/vaga-de-desenvolvedora-typescript-fullstack-em-__11863440.aspx,Desenvolvedor (a) TypeScript · Fullstack — Kikos · 100% Remoto Estamos construindo do zero a nova plataforma de tecnologia da Kikos — uma das maiores r...
Desenvolvedor Devops,T MAIOR SERVICES,Todo Brasil,A combinar,https://www.infojobs.com.br/vaga-de-desenvolvedor-devops-em-__11830040.aspx,"Responsabilidades: Auxiliar nas atividades de mapeamento da infraestrutura de software do cliente, desenvolvimento e teste de ambientes. Executar os p..."
Desenvolvedor COBOL - Sênior Noturno,Não informada,Todo Brasil,A combinar,https://www.infojobs.com.br/vaga-de-desenvolvedor-cobol-senior-noturno-em-__11760533.aspx,"Atividades: Desenvolver, manter e otimizar programas e sistemas em ambiente Mainframe. Atuar ativamente na sustentação e correção de incidentes comple..."
Quality Engineer Pleno - E-Commerce,Não informada,Todo Brasil,A combinar,https://www.infojobs.com.br/vaga-de-quality-engineer-pleno-commerce-em-__12027162.aspx,"Missão do cargo: Desenvolver, manter e aprimorar estratégias de qualidade e automação de testes que garantam a confiabilidade, estabilidade e seguranç..."
Tester De Software Jr - Exclusivo PCD,Não informada,Todo Brasil,A combinar,https://www.infojobs.com.br/vaga-de-tester-software-jr-exclusivo-pcd-em-__12026422.aspx,"Estamos em busca de um Tester Jr, para atuar em nosso time de tecnologia. Buscamos um profissional que esteja cursando ou tenha concluído o Técnico ou..."
Bolsista Mestre ( Pesquisador Em Engenharia De IA E Machine Learning) ICT ITAÚ,Não informada,Todo Brasil,"R$ 7.000,00",https://www.infojobs.com.br/vaga-de-bolsista-mestre-pesquisador-engenharia-ia-machine-em-__11866196.aspx,Projeto de inovação da ICT ITAÚ em parceria Inova Talentos . Pré-Requisitos: Perfil do bolsista: Mestrado Formação: concluído. Cursos: Bolsista Engenh...
Bolsista Mestre ( Pesquisador Aplicado Em IA E Automação) ICT ITAÚ,Não informada,Todo Brasil,"R$ 9.000,00",https://www.infojobs.com.br/vaga-de-bolsista-mestre-pesquisador-aplicado-ia-automacao-ict-itau-em-__11731243.aspx,Projeto de inovação da ICT ITAÚ em parceria Inova Talentos . Pré-Requisitos: Perfil do bolsista: Mestre Formação: mestrado cursando ou concluido. Curs...
Engenheiro De Software III (Python / Django) - SR,COMPARTIBIKE,Todo Brasil,A combinar,https://www.infojobs.com.br/vaga-de-engenheiro-software-iii-python-django-sr-em-__11911984.aspx,Olá! Que bom saber que você tem interesse em se juntar ao nosso time! Continue aqui para conhecer a posição! Se você busca uma oportunidade para desen...
Programador C# (Junior / Pleno),Não informada,Todo Brasil,"R$ 3.500,00 a R$ 6.500,00",https://www.infojobs.com.br/vaga-de-programador-c-junior-pleno-em-__11905590.aspx,"Caso tenha o conhecimento para preencher uma das nossas vagas, pedimos que nos envie seu currículo com telefone no email: rh@spycar.com.br onde no ass..."
Engenheiro De Aplicações Junior,Não informada,Todo Brasil,A combinar,https://www.infojobs.com.br/vaga-de-engenheiro-aplicacoes-junior-em-__11895291.aspx,"Você quer criar tecnologia de segurança com um toque humano e proteger a vida de bilhões de pessoas? Na Giesecke+Devrient (G+D), somos líderes globais..."
Analista De Requisitos,Não informada,Todo Brasil,A combinar,https://www.infojobs.com.br/vaga-de-analista-requisitos-em-__11862773.aspx,Responsabilidades: Levantar e documentar requisitos funcionais e não funcionais junto aos usuários e áreas de negócio. Traduzir requisitos de negócio...
Desenvolvedor PLC JÚNIOR E PLENO,Não informada,Indaiatuba - SP,A combinar,https://www.infojobs.com.br/vaga-de-desenvolvedor-plc-junior-pleno-em-sao-paulo__12005988.aspx,* Desenvolvedor de Sistemas JÚNIOR (PLC) - Remoto* - Base de Contratação: Indaiatuba/SP Salário à Combinar Requisitos: Formação completa em Engenharia...
Desenvolvedor Full Stack - Foco Em QA / Testes | Voluntário,RHRecruiter,João Pessoa - PB,A combinar,https://www.infojobs.com.br/vaga-de-desenvolvedor-full-stack-foco-qa-testes-voluntario-em-paraiba__12005661.aspx,Estamos em busca de um(a) Desenvolvedor (a) Fullstack com foco em QA / Testes para integrar nosso time de tecnologia em uma oportunidade voluntária. ...
Desenvolvedor Full-Stack / Integração,WAKE UP TREINAMENTOS LTDA,Uberlândia - MG,"R$ 7.000,00",https://www.infojobs.com.br/vaga-de-desenvolvedor-full-stack-integracao-em-minas-gerais__12009778.aspx,1. Descritivo Interno Empresa: Code Square (Uberlândia/MG) Cargo: Desenvolvedor Full-Stack / Integração Modelo de Contratação: PJ — Contrato Temporár...
Desenvolvedor Full Stack,WB Studio Digital,Curitiba - PR,A combinar,https://www.infojobs.com.br/vaga-de-desenvolvedor-full-stack-em-parana__12005569.aspx,"Estamos contratando Desenvolvedor Full Stack para atuar no desenvolvimento, manutenção e evolução de sistemas web e aplicativos. Buscamos um profissio..."
Desenvolvedor Full Stack .NET - Pleno/Sênior,SIT - Soluções Inteligentes,São Paulo - SP,A combinar,https://www.infojobs.com.br/vaga-de-desenvolvedor-full-stack-net-plenosenior-em-sao-paulo__11993299.aspx,"?? Vaga para Desenvolvedor | PJ | Remoto Na IFollow buscamos um(a) Desenvolvedor (a) versátil e habilidoso(a), capaz de atuar em todas as camadas do de..."
Desenvolvedor Web,Dinamica Software,Palhoça - SC,"R$ 600,00 a R$ 1.000,00",https://www.infojobs.com.br/vaga-de-desenvolvedor-web-em-santa-catarina__11956396.aspx,As Atividades são: Aprendizado Linguagem e Ambiente de Programação Clarion Desenvolvimento e Manutenção de Software em Clarion. Criação de novos...
Desenvolvedor Full Stack - Pleno Ou Senior,UpTool Creative,Cabo Frio - RJ,A combinar,https://www.infojobs.com.br/vaga-de-desenvolvedor-full-stack-pleno-senior-em-rio-janeiro__11952711.aspx,"Estamos formando a equipe de desenvolvimento de uma nova plataforma digital, que possui chamada de vídeo em tempo real, atualmente em fase de MVP. Bu..."
"DESENVOLVEDOR PLENO OU SENIOR DE SOFTWARE EXP EM C, JS",ALERTAKI SOLUCOES EM TECNOLOGIA DA INFORMÇÃO LTDA,São Paulo - SP,A combinar,"https://www.infojobs.com.br/vaga-de-desenvolvedor-pleno-senior-software-exp-c,-js-em-sao-paulo__11941531.aspx",Desenvolver e implementar novas funcionalidades em sistemas web utilizando C# e JavaScript. Realizar a manutenção e otimização de códigos existentes. ...
Desenvolvedor De Aplicativo (App Com Flutter),Não informada,Mogi das Cruzes - SP,"R$ 6.000,00 a R$ 8.000,00",https://www.infojobs.com.br/vaga-de-desenvolvedor-aplicativo-app-flutter-em-sao-paulo__11905587.aspx,"Caso tenha o conhecimento para preencher uma das nossas vagas, pedimos que nos envie seu currículo com telefone no email: rh@spycar.com.br onde no ass..."
Desenvolvedor De BI,Não informada,São Paulo - SP,A combinar,https://www.infojobs.com.br/vaga-de-desenvolvedor-bi-em-sao-paulo__11892422.aspx,Desenvolvedor de BI at Work On em Home Office: uma oportunidade para inovar e transformar dados em insights. Levantamento de requisitos de negócio. D...
Desenvolvedor Back-End PHP - Júnior Ou Pleno -1014,RHF Talentos,São José dos Pinhais - PR,A combinar,https://www.infojobs.com.br/vaga-de-desenvolvedor-back-end-php-junior-pleno-1014-em-parana__11846057.aspx,Desenvolvedor Back-end PHP (Júnior ou Pleno) - Home Office Horário: Segunda a Sexta das 09h00 às 18h00 Remuneração: Informe sua pretensão salarial + A...
Desenvolvedor Roblox (Home Office),Prota Games,São Paulo - SP,"R$ 2.000,00 a R$ 3.000,00",https://www.infojobs.com.br/vaga-de-desenvolvedor-roblox-home-office-em-sao-paulo__11822627.aspx,Nosso time está em busca de um Desenvolvedor Roblox para integrar nosso time de Tech e participar do desenvolvimento dos sistemas e ferramentas que dã...
Desenvolvedor(A) Backend Júnior | Django + Flutter,Não informada,São Paulo - SP,A combinar,https://www.infojobs.com.br/vaga-de-desenvolvedora-backend-junior-django-flutter-em-sao-paulo__11742895.aspx,Em parceria com a Práxis Desenvolvimento Organizacional estamos apoiando a Vittude na busca por uma pessoa Desenvolvedora Backend Python Júnior com pe...
Programador - Especialista Em IA,Mimolda,Criciúma - SC,A combinar,https://www.infojobs.com.br/vaga-de-programador-especialista-ia-em-santa-catarina__11835728.aspx,Estamos procurando um desenvolvedor para entrar como sócio na evolução da startup. Somos uma Startup Retail Tech B2B2C de inteligência comercial e ...
Programador - Programador,JOV TECNOLOGIA LTDA,Barueri - SP,"R$ 4.000,00 a R$ 9.000,00",https://www.infojobs.com.br/vaga-de-programador-programador-em-sao-paulo__11759588.aspx,"Procuramos um Desenvolvedor Full Stack PHP com experiência em desenvolvimento de plataformas SaaS, APIs REST e integrações. O profissional atuará na e..."
Produtor Audiovisual - Home Office,Não informada,São Caetano do Sul - SP,"R$ 2.000,00 a R$ 3.000,00",https://www.infojobs.com.br/vaga-de-produtor-audiovisual-home-office-em-sao-paulo__12024728.aspx,Atuamos na criação de franquias de vídeos infantis no YouTube e atua também na produção de jogos para Mobile e Roblox. Construímos sistemas que multip...
DBA SQL,Não informada,São Paulo - SP,A combinar,https://www.infojobs.com.br/vaga-de-dba-sql-em-sao-paulo__12004517.aspx,"Buscamos uma pessoa DBA Pleno para administrar, monitorar e aprimorar seus ambientes de bancos de dados. Procuramos um profissional com sólida experi..."
DBA SQL,Não informada,Barueri - SP,A combinar,https://www.infojobs.com.br/vaga-de-dba-sql-em-sao-paulo__12004522.aspx,"Buscamos uma pessoa DBA Pleno para administrar, monitorar e aprimorar seus ambientes de bancos de dados. Procuramos um profissional com sólida experi..."
DBA SQL,Não informada,Campo Grande - MS,A combinar,https://www.infojobs.com.br/vaga-de-dba-sql-em-mato-grosso-do-sul__12004506.aspx,"Buscamos uma pessoa DBA Pleno para administrar, monitorar e aprimorar seus ambientes de bancos de dados. Procuramos um profissional com sólida experi..."
DBA SQL,Não informada,Curitiba - PR,A combinar,https://www.infojobs.com.br/vaga-de-dba-sql-em-parana__12004508.aspx,"Buscamos uma pessoa DBA Pleno para administrar, monitorar e aprimorar seus ambientes de bancos de dados. Procuramos um profissional com sólida experi..."
DBA SQL,Não informada,Rio de Janeiro - RJ,A combinar,https://www.infojobs.com.br/vaga-de-dba-sql-em-rio-janeiro__12004513.aspx,"Buscamos uma pessoa DBA Pleno para administrar, monitorar e aprimorar seus ambientes de bancos de dados. Procuramos um profissional com sólida experi..."
Dev Automação .Net RPA & AI Agent - Pleno,SIT - Soluções Inteligentes,São Paulo - SP,A combinar,https://www.infojobs.com.br/vaga-de-dev-automacao-net-rpa-ai-agent-pleno-em-sao-paulo__11995402.aspx,"?? Oportunidade | Dev Automação .Net RPA & AI Agent Estamos em busca de um(a) profissional com perfil analítico, curioso e com forte atuação em autom..."
Ux Writer,Não informada,São Paulo - SP,"R$ 1.840,00 a R$ 3.590,00",https://www.infojobs.com.br/vaga-de-ux-writer-em-sao-paulo__11963136.aspx,"""A posição envolve a criação e o refinamento de conteúdos para melhorar a experiência do usuário. Desenvolver e revisar textos para interfaces digita..."
Produtor Audiovisual - Home Office (Minecraft),Prota Games,São Paulo - SP,"R$ 2.000,00 a R$ 3.000,00",https://www.infojobs.com.br/vaga-de-produtor-audiovisual-home-office-minecraft-em-sao-paulo__11980684.aspx,Somos uma das maiores criadoras de conteúdo infantil do YouTube no mundo. Atuamos em mais de 9 idiomas e contamos com 41 franquias ativas. Atualmen...
TECHNICAL PROJECT MANAGER (IA) – PLENO/SÊNIOR,Não informada,Fortaleza - CE,"R$ 100,00 a R$ 5.000,00",https://www.infojobs.com.br/vaga-de-technical-project-manager-ia-plenosenior-em-ceara__11959401.aspx,"Estamos em busca de um(a) Technical Project Manager (IA) Pleno/Sênior, com experiência em Inteligência Artificial, desenvolvimento de software e gest..."
CRM Developer,TALENT SPOTTER SOLUCOES E RECRUTAMENTO ESPECIALIZADO LTDA,Sorocaba - SP,"R$ 7.000,00",https://www.infojobs.com.br/vaga-de-crm-developer-em-sao-paulo__11782884.aspx,"Estamos conduzindo um processo seletivo para um de nossos clientes, uma empresa multinacional, para a posição de CRM Developer II (Pleno) | Desenvolve..."
Editor De Vídeo - Home Office,Não informada,São Paulo - SP,"R$ 2.000,00 a R$ 3.000,00",https://www.infojobs.com.br/vaga-de-editor-video-home-office-em-sao-paulo__11904655.aspx,Somos uma das maiores criadoras de conteúdo infantil do YouTube no mundo. Atuamos em mais de 9 idiomas e contamos com 41 franquias ativas. Atualmen...
Gestor De Projetos - Home Office,Revenue Tecnologia,Luziânia - GO,"R$ 700,00",https://www.infojobs.com.br/vaga-de-gestor-projetos-home-office-em-goias__11877751.aspx,"Buscamos um estagiário para dar suporte direto na gestão dos projetos em andamento. A rotina envolve acompanhar prazos, manter as demandas organizadas..."
Estagio Programador,LDA Sistemas e Consultoria Ltda,Rio de Janeiro - RJ,"R$ 1.200,00 a R$ 1.300,00",https://www.infojobs.com.br/vaga-de-estagio-programador-em-rio-janeiro__11826072.aspx,Atividades do Cargo : Desenvolvimento de Sistemas / Modelagem e Implementação de Banco de Dados Conhecimentos Necessários : Desenvolvimento de S...
Consultor De Implantação De Sistemas - (Contábil/ Fiscal),Vertente Sistemas,Belo Horizonte - MG,A combinar,https://www.infojobs.com.br/vaga-de-consultor-implantacao-sistemas-contabil-fiscal-em-minas-gerais__11812528.aspx,A Vertente nasce da fusão entre duas referências do mercado mineiro para oferecer uma consultoria Sienge ainda mais robusta e tecnológica. Unimos o...
Tech Lead,EMPREGGA TECNOLOGIA,São Paulo - SP,"R$ 12.000,00",https://www.infojobs.com.br/vaga-de-tech-lead-em-sao-paulo__11733010.aspx,"Sobre a AstraMobi A AstraMobi está liderando o desenvolvimento do primeiro ecossistema completo de Free Flow brasileiro, integrando tecnologia chinesa..."
